{
    "Delta_Q": 0.60318329149701,
    "Delta_R ": 0.1505698787227376,
    "Delta_S": 0.15546626342802483,
    "E_abs": 1.558237835079126,
    "E_em": 1.4027715716511011,
    "E_fc_ex": 0.06832758024575014,
    "E_fc_gs": 0.08713868318227469,
    "E_zpl": 1.4899102548333758,
    "Eff_freq_ex": 0.03962416622509894,
    "Eff_freq_gs": 0.0447473800736283,
    "S_abs": 1.724391621456245,
    "S_em": 1.9473471528141943
}
